,q
GOBP_ANATOMICAL_STRUCTURE_FORMATION_INVOLVED_IN_MORPHOGENESIS,0.015456666258803042
GOBP_POSITIVE_REGULATION_OF_CELL_DIFFERENTIATION,8.007135463117265e-06
GOBP_POSITIVE_REGULATION_OF_CELL_POPULATION_PROLIFERATION,0.0019050451051065842
GOBP_EMBRYONIC_MORPHOGENESIS,0.0
GOBP_PROXIMAL_DISTAL_PATTERN_FORMATION,7.445686427409726e-07
GOBP_NEURON_DIFFERENTIATION,0.0020958067061653818
GOBP_CENTRAL_NERVOUS_SYSTEM_DEVELOPMENT,2.4105926767825636e-05
GOBP_APPENDAGE_DEVELOPMENT,0.00028052154634072846
GOBP_MORPHOGENESIS_OF_AN_EPITHELIUM,0.0017500724072327944
GOBP_MORPHOGENESIS_OF_EMBRYONIC_EPITHELIUM,0.04453089116840825
GOBP_CELL_POPULATION_PROLIFERATION,0.00011046683012383429
GOBP_ANTERIOR_POSTERIOR_PATTERN_SPECIFICATION,4.988341004708019e-07
GOBP_SKELETAL_SYSTEM_DEVELOPMENT,9.463521875030523e-07
GOBP_EPITHELIUM_DEVELOPMENT,1.5456623914111844e-07
GOBP_EMBRYONIC_ORGAN_MORPHOGENESIS,2.48136627911677e-08
GOBP_CELL_CELL_ADHESION,9.950040791295578e-11
GOBP_EXTERNAL_ENCAPSULATING_STRUCTURE_ORGANIZATION,0.04775548333274493
GOBP_KIDNEY_MORPHOGENESIS,0.021642064873478972
GOBP_SENSORY_ORGAN_MORPHOGENESIS,0.010249003203447238
GOBP_PLACENTA_DEVELOPMENT,0.0007412483736115583
GOBP_CELL_CELL_ADHESION_VIA_PLASMA_MEMBRANE_ADHESION_MOLECULES,3.9704750598446026e-10
GOBP_POSITIVE_REGULATION_OF_NUCLEOBASE_CONTAINING_COMPOUND_METABOLIC_PROCESS,0.00042963900317638526
GOBP_POSITIVE_REGULATION_OF_BIOSYNTHETIC_PROCESS,0.0005824898198961703
GOBP_SENSORY_ORGAN_DEVELOPMENT,2.6203494020160534e-06
GOBP_REGULATION_OF_CELL_DIFFERENTIATION,1.2099616233274268e-05
GOBP_SENSORY_SYSTEM_DEVELOPMENT,0.004333120522064249
GOBP_EMBRYO_DEVELOPMENT,0.0
GOBP_SKELETAL_SYSTEM_MORPHOGENESIS,4.509954837494945e-05
GOBP_EMBRYONIC_ORGAN_DEVELOPMENT,0.0
GOBP_CELL_FATE_COMMITMENT,3.5288272304256907e-10
GOBP_POSITIVE_REGULATION_OF_MULTICELLULAR_ORGANISMAL_PROCESS,3.918497185706471e-05
GOBP_HEAD_DEVELOPMENT,0.0003216807169160729
GOBP_REGIONALIZATION,0.0
GOBP_REPRODUCTION,0.025353960748571658
GOBP_ANIMAL_ORGAN_MORPHOGENESIS,8.507639037702575e-13
GOBP_APPENDAGE_MORPHOGENESIS,0.0006749935417774688
GOBP_SENSORY_PERCEPTION_OF_LIGHT_STIMULUS,0.010590538839227781
GOBP_RNA_PROCESSING,0.021985333184162736
GOBP_PATTERN_SPECIFICATION_PROCESS,8.507639037702575e-13
GOBP_POSITIVE_REGULATION_OF_TRANSCRIPTION_BY_RNA_POLYMERASE_II,2.2001690518469452e-05
GOBP_RENAL_TUBULE_DEVELOPMENT,0.026519885082418315
GOBP_ENDOCRINE_SYSTEM_DEVELOPMENT,0.010683952550518017
GOBP_CIRCULATORY_SYSTEM_DEVELOPMENT,0.031302182636053444
GOBP_CAMERA_TYPE_EYE_DEVELOPMENT,0.004145989557766128
GOBP_TISSUE_MORPHOGENESIS,5.2831376767259464e-05
GOBP_EMBRYONIC_APPENDAGE_MORPHOGENESIS,6.714765541104839e-05
GOBP_EMBRYONIC_SKELETAL_SYSTEM_DEVELOPMENT,0.000940569307668504
GOBP_ENZYME_LINKED_RECEPTOR_PROTEIN_SIGNALING_PATHWAY,0.0001703099894826421
GOBP_CELL_CELL_SIGNALING,0.0324182536479658
GOBP_NEUROGENESIS,0.00023624980925707195
GOBP_EMBRYONIC_SKELETAL_SYSTEM_MORPHOGENESIS,0.0033261541283179374
GOBP_EPITHELIAL_CELL_DIFFERENTIATION,7.636464587934544e-05
GOBP_POSITIVE_REGULATION_OF_DEVELOPMENTAL_PROCESS,5.918269642224416e-05
GOBP_TUBE_DEVELOPMENT,0.00010017749308066648
GOBP_FOREBRAIN_DEVELOPMENT,0.009661425996144057
GOBP_BIOLOGICAL_ADHESION,1.514024128290714e-09
GOBP_HOMOPHILIC_CELL_ADHESION_VIA_PLASMA_MEMBRANE_ADHESION_MOLECULES,1.3608669746645319e-11
GOBP_EMBRYO_DEVELOPMENT_ENDING_IN_BIRTH_OR_EGG_HATCHING,3.756620614581152e-08
GOBP_TUBE_MORPHOGENESIS,0.02472909995653838
GOBP_REPRODUCTIVE_SYSTEM_DEVELOPMENT,0.00010784949247366615
GOBP_DEVELOPMENTAL_PROCESS_INVOLVED_IN_REPRODUCTION,0.006227977217395875
