,q
KEGG_WNT_SIGNALING_PATHWAY,0.025021976282851632
KEGG_BASAL_CELL_CARCINOMA,0.003909756658833086
GOBP_ANATOMICAL_STRUCTURE_FORMATION_INVOLVED_IN_MORPHOGENESIS,5.015824291820792e-05
GOBP_REGULATION_OF_SYSTEM_PROCESS,0.0245937846776062
GOBP_EMBRYONIC_MORPHOGENESIS,7.312750405219504e-11
GOBP_NEURON_PROJECTION_GUIDANCE,0.005382381764223898
GOBP_POTASSIUM_ION_TRANSPORT,0.001655985816362615
GOBP_NEURON_DIFFERENTIATION,0.0
GOBP_CENTRAL_NERVOUS_SYSTEM_DEVELOPMENT,7.56914901867134e-08
GOBP_CATION_TRANSMEMBRANE_TRANSPORT,6.458228729577797e-09
GOBP_AMINO_ACID_TRANSPORT,0.026888457560769408
GOBP_CATION_TRANSPORT,1.0904546521306457e-07
GOBP_CELL_SURFACE_RECEPTOR_SIGNALING_PATHWAY_INVOLVED_IN_CELL_CELL_SIGNALING,1.4471427029150163e-05
GOBP_MORPHOGENESIS_OF_AN_EPITHELIUM,5.669954053266757e-06
GOBP_MORPHOGENESIS_OF_EMBRYONIC_EPITHELIUM,3.47974692348485e-05
GOBP_CELLULAR_COMPONENT_MORPHOGENESIS,1.0456202570452433e-10
GOBP_CELL_MORPHOGENESIS,1.6797218505004707e-08
GOBP_REGULATION_OF_MULTICELLULAR_ORGANISMAL_DEVELOPMENT,0.025839296072040052
GOBP_CELL_POPULATION_PROLIFERATION,0.000914725685095541
GOBP_BEHAVIOR,0.004488502030950192
GOBP_CELL_JUNCTION_ORGANIZATION,0.028474037110864048
GOBP_CELLULAR_MACROMOLECULE_CATABOLIC_PROCESS,0.045471121330361575
GOBP_SKELETAL_SYSTEM_DEVELOPMENT,5.360614174776401e-09
GOBP_CELL_MORPHOGENESIS_INVOLVED_IN_DIFFERENTIATION,1.923356538480192e-07
GOBP_SYNAPSE_ORGANIZATION,0.003628631625069656
GOBP_REGULATION_OF_NEURON_PROJECTION_DEVELOPMENT,8.061079138088623e-06
GOBP_EPITHELIUM_DEVELOPMENT,1.925038742855989e-07
GOBP_EMBRYONIC_ORGAN_MORPHOGENESIS,1.8614709773601135e-10
GOBP_CELL_CELL_ADHESION,6.295378407461527e-08
GOBP_DORSAL_VENTRAL_PATTERN_FORMATION,8.768951271931336e-05
GOBP_SENSORY_ORGAN_MORPHOGENESIS,1.2370313828835577e-07
GOBP_NEGATIVE_REGULATION_OF_DEVELOPMENTAL_PROCESS,0.006479553840167407
GOBP_CELL_CELL_ADHESION_VIA_PLASMA_MEMBRANE_ADHESION_MOLECULES,2.551958644403385e-12
GOBP_EAR_DEVELOPMENT,0.0011263824992189253
GOBP_REGULATION_OF_ANATOMICAL_STRUCTURE_MORPHOGENESIS,0.004300440346839407
GOBP_REGULATION_OF_ION_TRANSPORT,0.0021245690172425613
GOBP_REGULATION_OF_TRANSMEMBRANE_TRANSPORT,2.4277022670049497e-05
GOBP_REGULATION_OF_CELL_PROJECTION_ORGANIZATION,0.0009997737175737598
GOBP_REGULATION_OF_HORMONE_LEVELS,0.04541063138870738
GOBP_SENSORY_ORGAN_DEVELOPMENT,8.505418591653324e-12
GOBP_REGULATION_OF_CELL_DIFFERENTIATION,6.7742277815030505e-06
GOBP_SENSORY_SYSTEM_DEVELOPMENT,5.7829002971798715e-06
GOBP_EMBRYO_DEVELOPMENT,8.7865670295173e-10
GOBP_SKELETAL_SYSTEM_MORPHOGENESIS,3.053715806888846e-07
GOBP_CELL_PROJECTION_ORGANIZATION,3.096371198330061e-07
GOBP_TRANSMEMBRANE_TRANSPORT,2.8740896129697546e-07
GOBP_EMBRYONIC_ORGAN_DEVELOPMENT,1.1937634214476134e-09
GOBP_POSITIVE_REGULATION_OF_MULTICELLULAR_ORGANISMAL_PROCESS,0.005020900971364206
GOBP_HEAD_DEVELOPMENT,2.3587932714730364e-05
GOBP_CELL_MORPHOGENESIS_INVOLVED_IN_NEURON_DIFFERENTIATION,1.2010371142068266e-08
GOBP_EPITHELIAL_TUBE_MORPHOGENESIS,0.0254732763753327
GOBP_SODIUM_ION_TRANSMEMBRANE_TRANSPORT,0.01925659072574004
GOBP_REGIONALIZATION,1.1831036039744447e-08
GOBP_EAR_MORPHOGENESIS,0.004908414763747038
GOBP_RETINA_DEVELOPMENT_IN_CAMERA_TYPE_EYE,0.01599000812077167
GOBP_EYE_MORPHOGENESIS,0.002242693492118253
GOBP_ANIMAL_ORGAN_MORPHOGENESIS,0.0
GOBP_AXON_DEVELOPMENT,9.513050732579131e-05
GOBP_REGULATION_OF_ANIMAL_ORGAN_MORPHOGENESIS,0.026888457560769408
GOBP_INORGANIC_ION_TRANSMEMBRANE_TRANSPORT,2.807404397842106e-08
GOBP_PATTERN_SPECIFICATION_PROCESS,1.566162299848628e-08
GOBP_REGULATION_OF_TRANS_SYNAPTIC_SIGNALING,0.00018679733364512785
GOBP_CAMERA_TYPE_EYE_DEVELOPMENT,3.3305323356991323e-06
GOBP_TISSUE_MORPHOGENESIS,9.784609208751682e-06
GOBP_REGULATION_OF_TRANSPORT,0.00024016312457819655
GOBP_ROOF_OF_MOUTH_DEVELOPMENT,0.0232333723202387
GOBP_EMBRYONIC_SKELETAL_SYSTEM_DEVELOPMENT,2.3908385254900466e-06
GOBP_NEURON_DEVELOPMENT,5.1025850211772195e-11
GOBP_CARTILAGE_DEVELOPMENT,0.0016709061300880235
GOBP_CELL_CELL_SIGNALING,1.701527807540515e-12
GOBP_NEUROGENESIS,0.0
GOBP_EMBRYONIC_SKELETAL_SYSTEM_MORPHOGENESIS,5.594264220620815e-05
GOBP_LOCOMOTION,0.017046104631860848
GOBP_POSITIVE_REGULATION_OF_DEVELOPMENTAL_PROCESS,0.00041724692644196093
GOBP_TUBE_DEVELOPMENT,0.00019635407017726259
GOBP_NEGATIVE_REGULATION_OF_CELL_DIFFERENTIATION,0.00034606374542589524
GOBP_FOREBRAIN_DEVELOPMENT,0.004256057103935951
GOBP_BIOLOGICAL_ADHESION,2.566624690558683e-10
GOBP_HOMOPHILIC_CELL_ADHESION_VIA_PLASMA_MEMBRANE_ADHESION_MOLECULES,0.0
GOBP_REGULATION_OF_MEMBRANE_POTENTIAL,0.00805019916697658
GOBP_EMBRYO_DEVELOPMENT_ENDING_IN_BIRTH_OR_EGG_HATCHING,1.5407572659942304e-06
GOBP_SYNAPTIC_SIGNALING,5.497134290433081e-06
GOBP_TUBE_MORPHOGENESIS,0.008183063767510323
GOBP_REPRODUCTIVE_SYSTEM_DEVELOPMENT,0.003046806041505201
GOBP_CELL_PART_MORPHOGENESIS,8.842171439482627e-11
GOBP_DIGESTIVE_SYSTEM_DEVELOPMENT,0.0001401913703183988
